userId,username,passwd
10000,LenHale,a93148dc9def2d577cea4b5ecd177077bdf43f0fedd3521b80b505cb92ea4af6
10001,BiancaEspinoza,e7ca9d3203fbc3c03151672ef0e0b09e0ee7b8ee9aa95c57fe0de66af2256e17
10002,AnikaFrost,34d3e72ca1a759d6d3db8dcee17d81f27516e0d486e7bc02255c9f42fbac675c
10003,KessieBarlow,0f32324e45e98bb050090bff49d1d31cfd99e02237dfa38ab3a0a8d4b9f5c568
10004,LawrenceCampbell,d4ffacd32733764d03f05ba585f82ea7c62a484d98f2d5036716b9077de0eec0
10005,AllistairGilbert,f5c5b0683868293cd5f93f4352f74976679f799ca223f43aea895429cee9f340
10006,JadenCurtis,4ad2ac258c176899eb284cce6617fbf33aff11c073fa17eeddc312fdbb8b8056
10007,AlikaReynolds,4cf4a6b558c5d788a73442f93b97caeb0d662a3ef839bd3cf9894f2fdbb02d6e
10008,DanteMcgowan,26b760079369493b83dc2b0ddfa051f187e42bb0919c3ea69ffe9dc70093c7d6
10009,MorganAguirre,751b17db6c4c001c4ac75ee949f8ace3707621a74f212f84eff69ae4eb20301c
10010,InezGibbs,f2d4579d81cfbe2f51510589bf18d3ef59ff8b8a03606b7062bf025f9d7023fe
10011,NeroChurch,eb098a036d336e2bf4abe56dd9581e2157768aab8e139de590efb99688014250
10012,RahimBarker,96096dde9e36ec624268f9ec3dfc4d8a8f10765f36c38bd34e5248faaa53be5c
10013,HeddaConley,d6dd15260001598a001a0c6526774943ddf455f2810e1d90aa8c8f922e800418
10014,DesiraeWaller,4182002f31eab9891f98074deb7fa1a89986de61c9953a2783ba2c200192f047
10015,LionelWyatt,60b5915d74282eecff4c3028ef4f84d09cbd587e1877da20cdc571a9ae6c09ef
10016,BeatriceMccullough,d20c07502f2dc0011c6079b7e311f9df82f7ff36c3908baa6cbf5c71db771ee8
10017,AmeryMoran,fbeaf41115ae2acebb65c1ad038198c8f6a830e54b39b2b9317af60ab8a6547c
10018,JolieAlston,9b25df340ab588902002e3fdc2d70f54f34b62a246c9af2943e37a75c67d156e
10019,ValentineLe,54e6aa180129b969adc02699a1b5fb33e48aa46f59cb62e11c2ecc23c4cd024d
10020,ElmoFisher,0f5279cfd7c99de2720fb522ad8264e42be0229bed3ada0a3b564753fe5647a3
10021,UlyssesDaniels,292addde4255839ef04136e2dafe34daea2fa07280ae2c694c87ea07f26403fe
10022,ClarkOneil,2fcf5538a18ef6b8afd0290605fb116c616e4b4e80cbbeb0c302a850bf26c327
10023,CamdenHarris,e124b866e9dcbdf17df7ea2f9e1351013c929fde51efb47e5f387864db3d8369
10024,LarsBerry,e53c478a0adacb7dad460ed23ab85623755d98cbbd1a293351bbe771ef6122b0
10025,EmilyStout,df385256c31a06ed84675b8dddab97da16f848bde4d850626d4494840a1e8ca7
10026,FultonStephenson,d8f478517ee45f0c80af3892cc1d6c134b9f35942695faedf15c90e4de22164f
10027,ColinLove,a0f67cff61f35816f4a0bce5339f7bc47cd81b13cb9d8d129109dceacb8b4064
10028,GalenaWiggins,b8a22ac85bcd55a914600e521d0109af81d2f90fbe3689dce7841543b6041ef2
10029,MarnyJimenez,b098d422badd12fe4d8818d160284965c363fa42ff2103bb6a12096f33f4561c
10030,JulieHopper,0a2911ea90f2ce96cd26a88fea32fd060fada9160be55fc4c71f28747154da29
10031,PaulTyson,436f5e7c069e8bc097183c5eabefe19d1823d17f20f15d8b567802076ad2f939
10032,MaceyWelch,ee7034e8f6bdc92ac14a50d031e6c33853399b2f61bf12485a79d700c3554f75
10033,MichaelMeyer,c9ef1cdb845206c1230ed545e0774731ab08d4fe97124a92edfc525838135873
10034,DemetriaBates,fc3ff67c10c21fd6b177ff4614a3883c981ee4a0fc00922780485e2ff12a8431
10035,NaidaLowery,238c1545c4fc4dfe018a55bb4f771ede68f133f8cc5771b4bc94967488ee7454
10036,ChardeValdez,6e15e304df6b7ec72d6d5efc9835a2ab8264c419618eb33d9f98e0c65ada1e56
10037,NellMoon,f31706307f941a78b39f67c194ffbae542bb6b401ea73b88ac9f17f8e46310ad
10038,IrisBecker,d2ad6fd47a6f5720083d0931ad79945672db75d6235635d98a8d08904b628448
10039,LibbyNewton,cb342c03a20f4207e72dd37494d8355891f3f800a52b2110743e0012b6589d09
10040,HallHale,fd5b7cf999d9b56c2f95a04a92a0b330c1120865403e51b32b378a95a484c987
10041,OlegWells,55e1228aa791c4433093a66384f88870fe0c698c450deb5089bc7ef93fd8e521
10042,SybilCross,46944785290bfcdf6396f0140ffbb89ab16970134f1050b2aa13f61f9cd6f781
10043,ClaudiaPrince,da5c69bfd875cda219849ab262b0ec673d4eca1cc25c4e7ccf17504319da5647
10044,LenMoody,450f22083f664c57e5058cde2b1c122b917a8a29c038787ba23016a3fb890183
10045,AlecMoon,b2adcf5e0883b51f313f4d65144c6369f405699c30a19b45aee1812555668448
10046,RhodaFreeman,e1d9e984f04fb4b48717515abf04aa4f4b69413924c4957790a90b4019fc14be
10047,AliceSnider,fdc8143dac7b3976ac91eb62d9fd18de41b2ee3d9de6a833a0915954e7e2d1a2
10048,DebraMills,a52319ead40068de738168aa7d2a5ef3ef3b5ecca08cb393d5c87a2f6dd85fd9
10049,HarperBuckley,8de468c55035a2aeb15cc6106d2c15130277add7c6620a9d8fa4efa51a16ca18
10050,JoyCrane,ca6ea8087bce9d5210ba17638aac295540bcf84afaa967aaaefb7c063f2e38c1
10051,ReecePate,3f8f1f02189330b7deeeea1adf738cb08745a85949151820676ee86c9e04fe0b
10052,SophiaRowe,82445511316164c4eba5a3468a13d0b3eee9902638060a3e8864dac3b147506b
10053,RoannaGentry,bbe2e9c682b5e29e2a2c8b2cb6e6935c3605f6edcb624163340d5443587ef132
10054,BenjaminPorter,279c3c33381a9c9e3b39f181bd83767797f6880f830eb95726e1748edcc384a4
10055,IsaacDavid,e90689bd9a9d23052e3906823821587bec93dff1e4e04c9d1a041fbefc60eedd
10056,MechelleJordan,842bf77aee491adc6cc98d13b85696581a27560b3c4b0433f22bfb80344448e4
10057,ElianaLopez,8ddbb55e366132d3f53f23e3fca7a1950dd2d69cc3d4d2f05940a16150f3b7ca
10058,ClarkeWooten,7c79aa6c615d1b2459d5104c120ce5a147bf60d4d6ce043490d2c4205717ac92
10059,IshmaelCarr,2ea8a3d340bb4395ecf70bb789d487311c84cf3fd7c1d08a6d4dd820e3adf9b1
10060,MarshallCross,794a1d38f289c66438241587a911cd5a678bf31bea1d5fe0656269e3daf8b554
10061,MiraHowe,aea4869b3f84741eb1d715c8744d196afc56aa5668382872c94623578be9eac1
10062,JoelCherry,67f206b68e91a648ba40e083891b43ef9a6aaa27b32148892c44d1bf2551edb6
10063,KionaCaldwell,8818705244d28526bd09620c21347350783dd15f0ca5b0af9fdf29321f012654
10064,NereaBaker,14cfd701d33f6f537eb2c75456585cce5459b92ccdafc82f4f46554efe7e8c28
10065,JescieMccarty,06d4e3ffc0846636f6dff1e4f306f18f61b73ec1d19e375ee1d6c0e3444e064d
10066,ZenaidaOsborn,76147ef3de7014078ee6bfd08689e7063e85814dd418d570e42430a89427ce83
10067,AquilaHerrera,49fb18ea630e68dbf2620f661a5dd7dc9fd296e4d8d9847701f24458c2ff0885
10068,AudreyBishop,1cc39cbb77225f878589646c2a97e464abb97de94328105d5f480f079012fb4d
10069,RisaChan,0807122b43e11ff674b98eeb32d3e70ef860ae1750dea856927aa9ae7b3f9fab
10070,ElijahCook,7b7420c3d446b16689ad3d09b7cbf36aaef1e603e8cc2ff5cc53b824da8b2cbe
10071,BethanySnow,e8422e403b33051291131e2a614002a61fbdc65d7840ea7e520b394ed0bff575
10072,BrennaSampson,61b9c77b843a31d000303532e9c5c4432969f105fb9bf745dc62ed7669b05fc3
10073,AureliaMedina,8000a2d26345fe960b2a3d5baa7a0b7ce1c8225bcebdd0b2a0f51ddade9dce94
10074,AristotleMcintyre,b763c4b725e5c9e557bc64905443c3ea43e370241980d9fa506d3d254fcaecc2
10075,GeraldineMarshall,eeb8b7ac73ba052f1dd6623e0134ea13a4d0b6440a46b810006f832b7ea3ed38
10076,BrunoBryant,a9407795d8ff33fe2b39137bb07a681a8cf8233ac6144ba0df4b2c3992c31809
10077,QuintessaCash,d7fc0fa4b937e7718daff0df27bdf8097e5d117f70df9f4d146f2fc6278b387e
10078,HeddaObrien,bfe6b0f52ec2b23f7869e95c4c026f8e6892b315e92e16beb9836c834b7ad088
10079,WhoopiDuffy,2299cd1dfefc884a083c1d5266fd32789848dd25acf54d1f304b4a96270132ac
10080,MarciaNguyen,03d2de4c066bb2f38f6ffaae859a76160502d14326bd65fe8d535439942eb59a
10081,RhiannonValencia,e022cac28736c87d9d2cf6db69fc76b03cea79fd3a50ebb07b2989c32efa44ef
10082,AimeeAlexander,9b80cb6439782fc16c0db6ad5839a28aa35814af5ce607714a505f11c4d752e7
10083,HannahDominguez,8d667520cd5a2ca8491bb306e067123a264ee87308732248c459c337eadded45
10084,NicholasPaul,72005203a71a86af79220c2e403220c422c722eea9b1e4779fb91a741b65231e
10085,BelleKline,01eb8eed8dbc933b752c268407f633491308c19273c3430688bda9c5142189d6
10086,KylanMayer,3cac6e208695b9841de8c0944d07b44926d3d2122f33d63058105d282098a106
10087,LebronJames,1de0e73924f2cb5a931e27400949a83b6882a9d66a02c583478fcfbe8202528d
10088,LareinaMckay,26280ee614024bbfbed6963260cba4e38e560afc30b7132647d801c92860a532
10089,TanekMayer,02ed748ecd8e67dc2310b97c3827bf6204b19aacc0a7e51088614004166bb320
10090,HelenGoodman,224e056af373fd3230bc6f35318db69b3c6f5ed1ccef922ca0dc8ca77950e2c9
10091,KuameFarrell,357df74c7f295a275d1cc2ef33c69cc421304f40fd25bb504ba29d69c617899d
10092,WillowKlein,04f3032f70d7be0cc757fc32bc6ab3c475c0adee34928121a0a0de44e16a1876
10093,AngelaRiggs,0ac9dd52cc97b97f9911ec3c0c9954aac06f5bffae70a72874a19d83df0055a3
10094,EmmaRatliff,f738c89e5dd39bab0ffa37a91b962c25b2f781998ed7186b383d35397913eab8
10095,DeaconLindsey,931ac8857c1c589d71f7e0c29773b9b9dc3e233c3a3b71b626ef288a5cde00b4
10096,RahimRojas,3f965119ce0b0d8834dee0c576f4314ff6a91f510b2c18efabfeccee6f546bd1
10097,ColleenCrawford,b9e21c88988a7a1d5021bfda00cf3b94060e8a656911ebaa157ed7891c19f28f
10098,NobleFrost,8590edefd2f01fa86b1b83d2d3c822ef68cfc532da747298852d7bf9dd37c8b1
10099,AprilBennett,5d808c98092a549eb706ce7b0f8d355968890a389fe9fdf7ed7807243d929a73
