"userID","username","passwd"
4000,AngelaSexton,f81dd8558660c90fcab8ee3c4121940349a3efbfbaa946b2bb4c85449ae84d3b
4001,HildaNeal,91c0c057a31d0326589b11c77f94bdb4dab299fb79133b260dcb1bdf2960d051
4002,MeganDixon,6868fd1196b46329790050b098222eac9a93d23c61386e917224149e164cce24
4003,MaceyFinley,9b32a9669dd0fcc30ad579bacbcc5a721a0e3bbc24240f68b886872bac7c43a1
4004,JolenePark,3f5348407a9fdfd315f58ba35e5dad8041dfd0cff774941f9265c0efbe2d8e97
4005,NinaSantana,495cff43f740987c93bee697516b7f01a5d7ad72ea685a39c1070c371b07e2c6
4006,AdaraSavage,07ba7ebe168eacd15a66a2345c3c5c3bc4f6b3791201317c5eef525eaae1aa2e
4007,GayCampos,b4c289cd66bb7aa68091e1b46128e24633fc20c0af3b7a73159abb85f6304c4c
4008,FayGallegos,3727fe1d57af06488953d91af409339754869c02725c64ca96c9ab7974d57f0e
4009,CourtneyHicks,f530858914f1c7a3ae8b853087fc1cd3f26280d44406350bca1c5ebd28d4f0e0
4010,RosePennington,26f6c19c922f5ad4e82ba11ef1d865ad5cda43be96b7a30d312615978bbb705d
4011,ShayShaw,c6c16ab335dd94aaa5f00fd4218ddafb391caa0c6de49acd08bcaccbdc6621f0
4012,BerthaTucker,cc89ba2f1f4eb5bcef175d94db8d3d53e1a80997e719a65202b6fafafd0463cc
4013,EmilyRose,4b4ffba2da4647c4a9a5bbebf67fe0d7a18937b6a2ab1474a897095e3f7f75b0
4014,IvoryBates,753d65a2dd35e1cb03f0dd8edf3c1b7c933c1f25745ccc65c6f4cc45dbbc0e21
4015,NaydaGallagher,3d70f7d799e5a637a51946c443f2c0d7615f17c2095f40b22d02803bca6cbc69
4016,CarolSavage,a4bbfd85f44fb2a48b40b8c767063291e29a6209e235386b2982d9c5a51c44db
4017,PearlChase,2a868e2ab10c0a936e9deb676a546ef1848b3cbf65ba36cbdc3273f55a325734
4018,NellGuy,10b81e045bb6bac3a62bb9716175fc669e7fece1bf721ddb2c3ee3f8b755352c
4019,HanaeRoy,6536b8dcd334bf27e35db2b69b9a45bf45d3480d4bd50aba3f1a7a71844c96c7
4020,ShelleyTalley,1eb4a508ee8da5262b14b73b471c41a7d543acce7175bcf091d1e7320e88833e
4021,HannahLee,f4d6bd6d102507f3543290c2e92662f7dd92751df16477f0b26cb65ec8fb229d
4022,KeelyLogan,9b40768c65e79822addd900366d2772864508be2f7aebd9a5ecd5119e2abeff0
4023,BreannaChristensen,41ee06f982b1ed365e2981723589c72644ce90a99988427b8da8b709af3a45be
4024,LoisCotton,b9fad2d09d1fa07274e94df6af2ef1e21123c3ce7fa063161a851b08345d5ed8
4025,KirbyMaynard,1da56979f677cd69daf6453c2e4733bece0d3d3944a44b76b10f3119875b7df5
4026,CarlaEspinoza,50da24c56b969815c5114da62eb86509c35f861b3debfdfe33ff73b3ddb216a2
4027,CandaceLucas,25ce9868ce50283314c1a662580023c4c191f369d752fa7edb636a4277ad5d19
4028,JadenCallahan,9a438c28eb0fbb249a75e871592c7cfed83158bb25d834f3ee015842d5ffe810
4029,CameronRivers,d8d1a1fb3238a5c682b3f47796d3ae94b09cd28b006bf4fb67bb6b40d33efaf6
4030,HollyWelch,4eb9e50859fe09f285d05f046e4a13a13eb92b077ffb564ec6ec68f12dff3166
4031,TaShyaDean,068bc968acbad30cd943973e6e48cbab9261771c908ab2f26134ef473919c8a5
4032,HedwigSantos,bd035a866752e31d810000e60bbfd0ef46db36b21bd3e2d4aabb029790372915
4033,MoanaRichmond,62bbea346d8bcb623cbf79f14900639913740af8c5fdf1002511eb8681eeb191
4034,TeaganStrickland,983a7226071c4e18ce99454eb676d0590ebd49f12fda8e09eb8202530af6ccac
4035,HyacinthMadden,0e347695774ba215eb7d23659b2600e80e45f72d22dc8429951d699b7f531725
4036,JadaMoreno,b1ab4bb993b98e4f3a795d91c7e62cc9a2def8990aa71aa67efeb2a924b04ec0
4037,ClareCompton,c9ef9e5ec971074d153dba89a446ebcd5248acd65df327470efc1837b86e6866
4038,LillithZimmerman,94fcd838d612e25d4e014a21dda5df4d0e87cff08774ec169d201d6789bef16b
4039,RinahMckinney,4a5ebb0214d3632e86e2110483c2aa6ff0b853cefce710bd6885f0d9836d5cdc
4040,WillowHester,9ffd8ea8f49048689264a28549962e43ac04b60a7b6c8949d85e8056ebb19d95
4041,HaleyZamora,5a423efbccebc0c0c685fc07eaa9048bd6d542dc475d281ef5b4886dc6f2ccd1
4042,CourtneyOlson,1cf7a37ef88da7da20f9a64887675590bf3dfa952c9e4146a7b5b13a12bfdf3e
4043,OriFrye,905d23442070df05e0be73bb7c06fc37ec5b72131c4ad87ab8c2e2d6edff5186
4044,AleaMaldonado,5ad2cdedf2b99000573f3100e0913d30894db51da05f2282265360dca434f09f
4045,LibbyDavis,90d802d5ce777f1e37d91317113193d07302dcc53736fe6b913270bd6cad84d1
4046,SierraButler,27288ba8057b552f6e8d5571fff1641ce0d6646dbab801e6bb231f85c1f173ba
4047,KatelynCantrell,a80b6142761fcfe75890bfc0fc96f7ec78bb3712e4bc799e537b1cc338499c18
4048,RowanHammond,c8e166da775d1fa8694ea44f8bfab2e0ae12461757e855a28738b8be8416213b
4049,AphroditeWoodward,eda5853222b1b9d9cfb85deed48804343b78fa117d4cdfcca69413fc482718d7
4050,VedaGross,62abdb5b33b1428d8ec20f5e7119019b0547bddfd944c54804ea9790e487a80b
4051,CoraHood,65af270f80d882e41ecab6520dd1da287f445bfc8a57941b59a4866a55ef172d
4052,AlanaMontoya,97d178f392d65807ea19f110a18acbdc3d8ca1e7e27bb1c13ba4feccb29aca31
4053,KristenBates,9927a9c44415e1e8f3f1a0941438dadaf6e8dbd1f2a667f49c87f45272289834
4054,GermainePatrick,d33cacecbe43f940f17abf8cf355ebf55aaba0d7ff2869a639654a55602af18b
4055,LeilaHowe,d0769c8575e7065589b8bab35a2cfc6b4f53499429c8b9b11e5c41a5a0e5554b
4056,IndiraSpears,67173d706f9b01ccb8d390bea2a19fee7c48ef0db8e2990f661b7bb6bf28994d
4057,JoyFarley,0aaa3370f929b5e7f47f0a7b31d03739aaf25a5a30102bbeedeb890b8bc91cd9
4058,AmelaHardin,da42e8b5b38ad699bede849dba8e5583d878105c4435c71f2852bc9c3e712758
4059,MirandaBright,e02db95f2382ed2cda5f1e570bfbbe86158664af60d50682fa52cdde0a929c1c
4060,IgnaciaBenson,ab11a14de31708b7218b857da4797b3aaa9d83cc7da6624d6f82ee0bf495dedc
4061,SelmaHolt,e8c35754254b5ff02e27cc5c9443237b88f08b026025ea8576e7735e00dd49b7
4062,SigourneyGoff,4d86afbd23fdf303618c14c9ca39536456f92783d3e7a2d16a38642fe62fd1e2
4063,EveHickman,bb0973d0b6872ca5d799411c09ec8100b090cec273d4780e1e46be947383932b
4064,SheilaHawkins,a24e5ed9c0d773bad4066145860ce695930d7bc047d58cd426127bffe1d6a14e
4065,NoelaniHarrell,09e6fc3ac05bd8f2112311ab5e3dab443544fd8ea372c97f9b7296e098aa4909
4066,KirstenPrince,41d689ada5b7a232699c4d26ea5d5ae3656c1cc3d8a69ac2cc11d1ae3eddf56f
4067,SydneeLawrence,d5ea74a5a527ad9b7421f363e5aa0ec19cb38777a8aa8c3d50c8b6aadffe658d
4068,KamekoConway,d2bc2bc35cd28af1742991c8a6c155c8800c9f611a5dce44527e43f80fc1abdb
4069,NolaDonaldson,1c49c90505f3b3570516a5970980a64d06a963fc56bd0151d8f100e201a5cfb7
4070,NicoleLevy,85a2d513620e6f22919d66fe66f01490f25d60265732b4d46302e392593edc1e
4071,CourtneyKinney,10ca6ed5f5ad529e2515a6eb8521680b2d487960ea88120c19e5d08c0980f8a0
4072,KimberleyMayer,b690e44418fe4813a7a96406877fef8572370d722da7ba3b04ace0d468a6cba0
4073,RachelBush,c818eb007d182c314627e67cf201a509b913efd331f69b9dcba9125a57547721
4074,MollieBurton,e47d05095b25317450f29d582ff09a10416770149df4e00ef42f40da0bc90d8d
4075,LesleyValenzuela,ba0454f946f178c4ca97164b3f786d15253c1a1738fc95ba5b8b81007faa948a
4076,IvanaFrye,fa27a5963c8d722f9a2b0ff9ac80b0d6e12b0417ce65d3e30bc1e986c33257a0
4077,LaviniaBecker,dde2e69bf1565440332796e6ef44772fb42b16456ed1a0dcc28b6fe17a41cb9d
4078,ReaganBall,e486889a180f5a8c8b2abfaf7e2b70dfbd1b956c3c5a8ec74b4a555e23b472d1
4079,SigneVinson,5c4e638d02039de1dbadb21791a5709457aebbc6bcd42ddd6a7f5834d5fcc16d
4080,LilaBlackburn,386ea4988426a305a171463f35595a6defdec2843dc25da9d7107146954d8fdf
4081,KirstenHampton,a7f0784af6c79a5db4a6483d604af5a29f485c8dc931fa0260d8710e676ae0f0
4082,StacyMosley,b07dac3f45f4f14ab92dfbd4d0088c8de60e39804581e99894a79d93e075f1ee
4083,SummerCalderon,5695770a31a9faa7b848b58f6292586de2adf65b946da8af47418e5eec0e24ca
4084,LoisElliott,d7c39c849aab20fa9dd068355436ed946abe397215ee2a40cc9205e3d9cef54e
4085,PearlSilva,c36792835c5b2f587909a96b108ebc6d123855a51e2b903aed9d16246432079a
4086,GillianWright,844fa39ff9123a085de0c33139f7705bfb434b7e007ab2ffc5bc80ad8e4d7434
4087,LibertyLarson,0cea93918aff5049286672704ea01e60e6f0de1c3173ee05f919b0101d6d6131
4088,GailSosa,11f17990e000debd77985654644c2c5cc37f4e0acf4070f4f8ae266e5d348040
4089,JacquelineHarrell,de12c60f683c80e999bf49be30646b26781bee597816fc97690ddce976a26d38
4090,KarlyRoberson,28436cd1976dce81622771da2dc9cf62f6417e8b7ef08271a25b13f0aefe8440
4091,SheilaHorne,d4e4c959504f300850698a93d4f973660bcc586fbc4fa78bde5ff674c9377266
4092,MorganHowell,ade015f71d17862daa1ff20085b1cc6abc6e02d5840e4aa6ed0006977c6b1e5c
4093,DakotaTalley,092de56089a117df2140b47b9e0919d4746cdd29634bbe8213051eca150359b8
4094,MaxineGill,1b132a53e71e95aa52db18edd50c548a7889b0123752ed91a878d2081a9343a0
4095,FarrahAcevedo,910731fb1c6eedbceed7ff02e8e492212ad07c998a136afd9f35d1c836c3396a
4096,KellyHerman,a4f158aab9262bb395b91cdf26fef0dafebfa022efd5882a24f0e39014d4dd69
4097,CatherineCoffey,cbebc389c39fc516c9d46576ee6338df878cea5927a23820b6a4ea36a6da04d2
4098,BuffyDillard,0fa900b5d8d2bd1729bbd4d15e331cdc2282420f511bf197d891d859892d86fe
4099,LysandraKemp,cf165afabac436e84d15e81a09899ea95b401fe729d865d0f4ff56cf6da85ffb
4100,AngelaSexton,d71b8dc133f3f2faaaa6c9e638972a41a83f3320fd11e73334a2d701c4c47dac
4101,HildaNeal,fa02cab2f7d93d594bc912082962e5b47f91c3a9f9765f243fac2495c168936c
4102,MeganDixon,3c0b4e20b4fee0f48476af43f7d75d83868c29cdb3c63a0c946024cfd042bf71
4103,MaceyFinley,5c9dd017dd9ee6e0a4c5edc58c51f4818566de7b8555b0ae1b38f2e82291325c
4104,JolenePark,d208a47b90a2f45aab1114dc470ebcdd9a05abdeeb2fce52c3fceb59f25bb7cf
4105,NinaSantana,13f5c38fee33c80a831f5d0cd1aae46e684f409aff74c5626f01961f003f0544
4106,AdaraSavage,3b95ebbda673eed37cb5541522ac4a1622fbf6a1359d030f5b14995a2a378fbc
4107,GayCampos,e842343701c780e7bfde6d4f3b251beb882c341a9c3f7aed7deb065367c3a3d5
4108,FayGallegos,f6cd5a1489f6ae2077f40538271e89f3da89384a15aa5875f55c3c05efd8d364
4109,CourtneyHicks,7d89aef876eb5b8a912334fbc91a19f04334e2e37bbf67db645bde053272cbc7
4110,RosePennington,45850c82e6414db1edf8eb28937ebafbcf638859d7b9ff074291029f72ceb2c7
4111,ShayShaw,d968fa1f4e578b4c7d2e332670a385b08aa980407fd294be030bf3d33bc63c30
4112,BerthaTucker,7c541ff1c7a6bdbce334ed2216e62ac0122eb9b17e37209c4c3566d8c25614a9
4113,EmilyRose,0ec299ae3a04a85af66b171d81fd68dd9c2c45019b01927bf594336acf803ede
4114,IvoryBates,1993f9768946cb752cf20c88fe25359ce211a0a4ef03ecb6b1088cfbeb3b6bad
4115,NaydaGallagher,92a0e28215ec52a3ac102aecedcb97bbea1faf8f3f78dd333bec88f5fe8ab87a
4116,CarolSavage,3c6d45718eefa1869c13ecd7d242353ada90c5c5fef327aeb61af9d4af102756
4117,PearlChase,91fb76723885e989ba146132e2d114927a6a28e30ac8911759112167eab8cd47
4118,NellGuy,9935f00f58bcadbd05d853728a8693f465a6f52146f674d0f2239926d557ac19
4119,HanaeRoy,ad0afb02c3410dffce1cf206dda4b04294483bfe08807e80a54d75dce9f24622
4120,ShelleyTalley,cd47d508d0ab77a1ead6dcbdfcc33a5b2e22ad28aec75dc153100c369bc63a38
4121,HannahLee,744d1511d80a51335903d9f20f79cdcd6a802d7a57cef82d67601d05465cc56c
4122,KeelyLogan,3d618fbadb44e4242646977ca6c0628058b1077aac0434126b5b076a0ba0e4fb
4123,BreannaChristensen,742d462ba7e994eda694f33dd7448e1b8136710367ce1749b6c5dc0a857dcee5
4124,LoisCotton,eadead085652f53e3b6c13c8a94f17219eaa00b606a86a8085bc8bc0cf371541
4125,KirbyMaynard,fec84807f5375905627f6885db9ad261da3dd243c72b98349d8aa5bcb912fd22
4126,CarlaEspinoza,ddbccd21aca766e7cef13bf457c548299bae21f129512488ba802751526f3253
4127,CandaceLucas,34a2adbb421e0f7da41bd3ad52ebaf161984b0f6d2d317fb4488870855b51c58
4128,JadenCallahan,69fd0116da87b8c9aeff2a4a79dec1fb945a0a6c081d8b158d44599d2141627c
4129,CameronRivers,23e0dac51f405a45fc9018a5d6ebb3b649bc1cef9251f258daeae045e8c5417a
4130,HollyWelch,cb15ae6ac881a89a8ff1e2d9e56e3b9363a2c68cb029f7ffa6f3a5f9f064d30c
4131,TaShyaDean,3ee452e3f60d457c0febe6c9d449c6bc4dd38baf4206025a3f017f85b71bd521
4132,HedwigSantos,dcbe544f5766aac6ad09876e83b139e5a4ede0adca875bde4551a751c38c4afc
4133,MoanaRichmond,000c3991c18ecceb9894d63859d52d281e909bbd2e2462aa6a17f20408b9c1be
4134,TeaganStrickland,96b5a2cc31125a77cc5cafcbdbdfd9874219c8bf8fd7b7e01340a3bec5e30d91
4135,HyacinthMadden,6966ea8725c556b9abb4687b871fd316747adfa83d3d6fbe36fdb0613112a072
4136,JadaMoreno,6a8e65dfe344b5ad9d24ecc9a73a045dbdd39e872f65df99657c7ffeb3d0314b
4137,ClareCompton,65b41babee3326250ea453f0ce893db78294038630f00b56b607f3e22d3c3bb6
4138,LillithZimmerman,e22eeb7fb0d6405d33570f57ba25307a9f2a8580090b7614ac637e29ed2fe62e
4139,RinahMckinney,dfd596cbec7b9e7bcd1f58b3b11687166f76c57ad2b395a0bfe826facdac2f10
4140,WillowHester,ec7820ae683622136ab76c09a350befe6c9d5568bf9576b00a60467b3293cac5
4141,HaleyZamora,d4c558b03783974d5c2ec078418ccad1542618f65909c02a925fdffe030afbcb
4142,CourtneyOlson,ef192bcc481ccfbf22c34560d4baace76e5bc77d126145390328be777d25dee2
4143,OriFrye,cadf97aa84a567ea3c3818d54337945c16942ba88df5713187834d61b3cb0c47
4144,AleaMaldonado,26ff93819c00935f9da879c8db224ef0749941f0ad408f437ae1ca8941d574f7
4145,LibbyDavis,1ed1dbb789edc050020fddab73bd0eff8a0ab8db8dd4613a08532cd296039d3c
4146,SierraButler,05a0670ba9a54c864a8c6cb0fc05c3126129b025e2f1f5ae8dec2b65b0be8c32
4147,KatelynCantrell,4fb1496579568dda2a3d827d94d37f08e9353c14a5375b22d668615af12b2747
4148,RowanHammond,00091b21a61e01f40e82f39072d4cbdef3e002d3c10f887d015f38066b618b49
4149,AphroditeWoodward,a90ccc82d11e91fe57507748e18ac21231331b57b52e357303377a1ae9cc1c52
4150,VedaGross,6e68d778e5490e098238e68af6ad09aefa8a07a83272f37d4fea9937151ebdcc
4151,CoraHood,500814c0b8d2a18ef3300190a2a58a817696603bc2e1780ab26370620b61db53
4152,AlanaMontoya,d8a3b95a1dbf607443b973387bd8146a91ed7f9acdcf9f21faaa543539bc2d74
4153,KristenBates,5c623bcf6677263f411cf28bab3bfb40ceb052f102bcb1065e5382b29231613d
4154,GermainePatrick,ea64e724a037240be2dc8db0c8b8e1b58c07ca9ae797a544f028fca21d93fa19
4155,LeilaHowe,da5b821573d389153a075a43fd503539de1f7f349f89a70d92c312dfe29c2518
4156,IndiraSpears,3294dcd1ce629561cdfb19a516cf9b1f867a1275ad53319a107a34ddbee31fac
4157,JoyFarley,b772aa7a9708ea442f01dfca85eb91a2d3bc5c42d48c11b55592333628dacec2
4158,AmelaHardin,d2beb654d5f028434ff513b493473ad213d6124d12498daa220709d20cfbab39
4159,MirandaBright,7348b3db69f4f06928c29522b96a223ad6bfb80a506039d0ab616e57980a6e07
4160,IgnaciaBenson,c11df6e8557dabd497a6daa29f93a2f984e2c01cc2452ed6da71cf24bf4dc2fa
4161,SelmaHolt,956389e95888081092c06afa9bba8ff850bf16998b19bd940e582af7f485f4c9
4162,SigourneyGoff,f70e908bbdce68d76a87279ce19ee9547d1e461a4fe092b4df4430a7d4e8e68d
4163,EveHickman,685c0bc4f23c946ae6e7a63a2d9a7b0ebc38dd60c77b67e4f966afd5ceefd062
4164,SheilaHawkins,dfbfd6fa0ad8b5edefa79e552433b0fa90ebcb2939db2b2c3cb790c3ac880efe
4165,NoelaniHarrell,53db79de9fdadc06422d50ba7e2353e48e244206b2a527a1041b5da3eddbe763
4166,KirstenPrince,36b03487fbe3936df4070e8e094064c3e076b59b7e4ac5a86c2efb45aa5797d8
4167,SydneeLawrence,66cb8498204deabf312a4937694d413d75b5f180216e2e5d76f53c55fddb9ce3
4168,KamekoConway,28e12467dcfbf7ec9803cbc10efd02655b35a4ad9214377ffc72d0ffeebd85a0
4169,NolaDonaldson,2902cd885f7c613d9f718160d71d6b975d5b028f38ff3f15335645743b93aaa0
4170,NicoleLevy,95c4566ada1ea6801b1ca00094da920b12c6543ab95afde9b436faf67b1f1a1e
4171,CourtneyKinney,3ce492787315576d6ab3aea188d95a6abee800316e8cca7d73a1358fca94aa5d
4172,KimberleyMayer,e9fab6a2eac6c61d44a6d2a6023f1dbf8e26bf1df7a2d4646feb6eebcfb3336d
4173,RachelBush,d787dd8351c75c03beeaf47f98fefb467dbe933a430ccfb34190b227272f9567
4174,MollieBurton,35e570c0be3d3e0f194421536becadb9f964e95c8bee4270915c972ebeb336a1
4175,LesleyValenzuela,eb397da3c0385dfcd73a0030c7a4292d3bdfade85ab1fe8f646017ceedcb5d6f
4176,IvanaFrye,83d3a2c33d2622064bf164c2bca61ef0ed87cb4ff5d326b9b06ed0bada785ed5
4177,LaviniaBecker,afebeff86d736f5256439e3ae934c38687887df40572317151c0ee79ee7bddb8
4178,ReaganBall,1bc2ee3bd25e23cdd8c1f3df099ee913cab235a19bcdbb8d2be2a30cfef9f5ce
4179,SigneVinson,7542a8d6827e0c6ac80c3ec4effaa0781c52aa5bd429b06741e93ce9d23e637d
4180,LilaBlackburn,ce83e682601e61bfe8e09083408fffcf2ae8a850c274c6b9c1650bc500392829
4181,KirstenHampton,8442a056ed9443c52b14e2ab4ac4fe352bcd09c58fa474ba1422660773289f51
4182,StacyMosley,794c5d53c41b2bd8483a20969f7c032a78f5bf9a2c287803a21f92e487ac60e1
4183,SummerCalderon,18745483e4e49b87c91d7ddd5be35b39bf62ec4e4bb6e510dd781862aa6dba9a
4184,LoisElliott,8fc7ad755a018c24ef2983e36a995031be3c5598ffbd80c133138cfe9e8b0a30
4185,PearlSilva,5578e0db2a666114fe3e431dca5ca551050630204f6aecfcca622d22920c057f
4186,GillianWright,e0a8c0bca2888e9a68ef899c0f732555030f68e38228511d4ca144bd7f6b8af9
4187,LibertyLarson,50d26510f8a511875243bf8417628077f8bfaaec0a53c98b0553c6b41e52a32a
4188,GailSosa,cd634969876da613e567e4cb047d1ffefec1df515947c10627ff0bc8c89afa77
4189,JacquelineHarrell,68a02742902df290bd341aee1c11302d6361d698fcdf693d4f0e5699ced54b97
4190,KarlyRoberson,24ba518e73799fb2820326dfaadf94f19959172aba31538e39431a48adf6d821
4191,SheilaHorne,8d5c744c3d46b8c31b5d98135efb97ab411668ec19c00777a2b3ee373da08999
4192,MorganHowell,466d317dd383414376fe8db326cd727922c838b8ed4bab4c6342afa69c236ee3
4193,DakotaTalley,0ac0df27df654c362cf55f17f6f8f50fd7e34faa76d31e632473ff4f0625ae85
4194,MaxineGill,646d624c7f7fe71f68ee3e7fed439bf373530801b25cd36360927553113e24a2
4195,FarrahAcevedo,19acdb68c12c8d9ec043b1372826696a2ad8ad905a00c1f4387bc2f66e1f0a68
4196,KellyHerman,ae27ebde7c10359221bd4b1a8d76a6a2bacad543017f8ee9a9077db0de37d12f
4197,CatherineCoffey,d50e20c0c641fa91232a9c33630a7071d1b7118c1cb9291280581232a622bc70
4198,BuffyDillard,5ed8a7eb5597e39aab7eba49f318481092f46d66f470783ced33046af06eabb5
4199,LysandraKemp,9f14d51e0b6f4e6fb33e52553ffb28f4e7646fe4bb814bbdf2ddd0f131856f23
